<?xml version="1.0" encoding="UTF-8" ?>
<phpdoc>
    <title>AdvancedDiscount</title>
    <parser>
        <target>build/phpdoc</target>
        <encoding>utf8</encoding>
        <markers>
            <item>TODO</item>
            <item>FIXME</item>
        </markers>
        <extensions>
            <extension>php</extension>
            <extension>css</extension>
            <extension>js</extension>
        </extensions>
    </parser>
    <transformer>
        <target>doc/code/phpdoc</target>
    </transformer>
    <transformations>
        <template name="responsive"/>
    </transformations>
    <files>
        <directory>.</directory>
        <ignore>build/*</ignore>
        <ignore>dev/*</ignore>
        <ignore>doc/*</ignore>
        <ignore>vendor/*</ignore>
    </files>
</phpdoc>